{
    "epoch": 120.0,
    "eval_accuracy": 0.20235011404366243,
    "eval_loss": 13.72707748413086,
    "eval_runtime": 6.2397,
    "eval_samples": 240,
    "eval_samples_per_second": 38.463,
    "eval_steps_per_second": 6.411,
    "perplexity": 915364.370514381
}