{
    "epoch": 120.0,
    "eval_accuracy": 0.19511241446725316,
    "eval_loss": 1.3251267433166505,
    "eval_runtime": 6.755,
    "eval_samples": 240,
    "eval_samples_per_second": 35.529,
    "eval_steps_per_second": 5.922,
    "perplexity": 5687.904872950539
}