{
    "epoch": 120.0,
    "eval_accuracy": 0.19828934506353862,
    "eval_loss": 1.367685604095459,
    "eval_runtime": 6.2177,
    "eval_samples": 240,
    "eval_samples_per_second": 38.6,
    "eval_steps_per_second": 6.433,
    "perplexity": 8705.287293803158
}