{
    "epoch": 120.0,
    "eval_accuracy": 0.20790159661127403,
    "eval_loss": 13.847670555114746,
    "eval_runtime": 6.227,
    "eval_samples": 240,
    "eval_samples_per_second": 38.542,
    "eval_steps_per_second": 6.424,
    "perplexity": 1032682.7183802378
}