{
    "epoch": 120.0,
    "eval_accuracy": 0.20684261974584556,
    "eval_loss": 1.3655814170837401,
    "eval_runtime": 6.2584,
    "eval_samples": 240,
    "eval_samples_per_second": 38.348,
    "eval_steps_per_second": 6.391,
    "perplexity": 8524.02550069911
}