{
    "epoch": 120.0,
    "eval_accuracy": 0.20606060606060606,
    "eval_loss": 13.800951957702637,
    "eval_runtime": 6.2264,
    "eval_samples": 240,
    "eval_samples_per_second": 38.546,
    "eval_steps_per_second": 6.424,
    "perplexity": 985546.8637360991
}